Workbook

Sheet RTIEBT
B3: Modos de instalação
B5: 1 → No quadro 52H são indicados exemplos de modos de instalação de canalizações. Pag. 60
B7: Em instalações residenciais, como um circuito de tomadas, o tipo de cabo depende do ambiente e do método de instalação.
B8: No nosso caso para instalações em apartamentos vamos usar condutores embebidos em paredes de alvenaria ou em tubagem:
C17: → Instalação interna
D18: → Embebido em alvenaria, utilizando tubagem de PVC rígida ou flexível.
D19: → O tubo protege o cabo contra danos mecânicos, umidade e facilita futuras manutenções.
C20: → Instalação externa
D21: → Podem ser embutidos diretamente na alvenaria ou piso externo sem a necessidade de conduíte adicional (exceto se houver alto risco de impacto).
D22: → Resistentes à umidade e exposição a raios UV.
B24: Ambos possuem isolamento robusto e resistência a intempéries.
B26: Secções mínimas do condutores. Pag. 69
B43: Quedas de tensão máxima admissível. Pag. 70
B57: Secções mínimas convencionais dos condutores de terra. Pag. 78
B68: Símbolos utilizados nas designações de condutores e cabos, isolados, para instalações eléctricas, segundo o HD 361. Pag. 90/91
B115: Símbolos utilizados nas designações de condutores e cabos, isolados, para instalações eléctricas, segundo a NP 665. Pag. 91/92
B161: 2 → QUADRO 52-C3 - Correntes admissíveis, em amperes, para os métodos de referência A, B e C (de acordo com o quadro 52H)
B163: Condutores isolados a policloreto de vinilo (PVC), para:
C164: • Dois condutores carregados
C165: • Cobre ou alumínio
C166: • Temperatura da alma condutora: 70°C
C167: • Temperatura ambiente: 30°C
B209: QUADRO 52-C30 | N209: Condutores isolados a polietileno reticulado (XLPE) ou etileno-propileno (EPR), para:
C210: Correntes admissíveis, em amperes, para o método de referência D (de acordo com o quadro 52H) | O210: • Dois condutores carregados
C211: Canalizações enterradas | O211: • Cobre ou alumínio
O212: • Temperatura da alma condutora: 90°C
O213: • Temperatura ambiente: 30°C
B252: Disjuntores
C255: Tabela Geral de Disjuntores de Baixa Tensão
C256: Tipo de Disjuntor | D256: Corrente Nominal (In) | E256: Capacidade de Interrupção (Icu) | F256: Aplicação
C257: Disjuntores Miniatura (MCB) | D257: 6A, 10A, 16A, 20A, 32A, 40A, 63A | E257: 4,5 kA, 6 kA, 10 kA | F257: Circuitos de iluminação, tomadas, pequenas cargas residenciais e comerciais.
C258: Disjuntores Moldados (MCCB) | D258: 63A, 100A, 125A, 160A, 250A, 400A, 630A | E258: 25 kA, 36 kA, 50 kA | F258: Proteção geral de quadros, circuitos principais em edifícios e indústrias.
C259: Disjuntores de Potência (ACB) | D259: 630A a 6300A | E259: 50 kA, 75 kA, 100 kA | F259: Instalações industriais e de grandes consumidores.
B262: Fatores de correção
B298: Corrente de motores

Sheet potencia_Apar.
B4: Potencia dos aparelhos:
B6: Cozinha: | F6: Aquecimento /arrefecimento:
F7: bomba de calor | H7: =2.5 -> 2.5 | I7: kW
B8: Exaustor | D8: =0.14 -> 0.14 | E8: kW | F8: ar condicionado | H8: =2.5 -> 2.5 | I8: kW
B9: Frig. Minibar: | D9: =0.08 -> 0.08 | E9: kW | F9: lareira eletrica | H9: =2 -> 2 | I9: kW
B10: Placa indução | D10: =1.35 -> 1.35 | E10: kW | F10: esquenta. ele. Acu. | H10: =3 -> 3 | I10: kW
B11: Forno eletrico | D11: 2 | E11: kW
B12: Fogao eletrico | D12: =0.938 -> 0.938 | E12: kW | F12: iluminação:
B13: Arca congeladora | D13: =0.25 -> 0.25 | E13: kW | F13: lampada led | H13: =0.006 -> 0.006 | I13: kW
B14: maq. Lavar roupa 8kg | D14: 2 | E14: kW | F14: lamp. Flu. compacta | H14: =0.011 -> 0.011 | I14: kW
B15: maq. secar roupa 7kg | D15: 2 | E15: kW | F15: lamp. Fluorescente | H15: =0.036 -> 0.036 | I15: kW
B16: maq.s.r(bomba calor) | D16: =0.675 -> 0.675 | E16: kW | F16: lamp. Halogeneo | H16: =0.05 -> 0.05 | I16: kW
B17: maq. Lavar loiça | D17: 2 | E17: kW | F17: lamp. Incandescente | H17: =0.06 -> 0.06 | I17: kW
B18: Frig. Americano: | D18: =0.25 -> 0.25 | E18: kW
F19: Mobilidade eletrica:
B20: Sala/Escritorio: | F20: Carro eletrico(rapido) | H20: =7.4 -> 7.4 | I20: kW
B21: Computador portatil | D21: =0.3 -> 0.3 | E21: kW | F21: Carro eletrico(lento) | H21: =3.7 -> 3.7 | I21: kW
B22: Box TV | D22: =0.026 -> 0.026 | E22: kW | F22: trotinete eletrica | H22: =0.1 -> 0.1 | I22: kW
B23: sistema wifi | D23: =0.06 -> 0.06 | E23: kW
B24: DVD | D24: =0.03 -> 0.03 | E24: kW | F24: outros:
B25: aparelho de som | E25: kW | F25: secador toalhas | H25: =2.4 -> 2.4 | I25: kW
B26: TV plasma (sup. a 42) | D26: =0.3 -> 0.3 | E26: kW | F26: ferro engomar | H26: =1.6 -> 1.6 | I26: kW
B27: TV plasma (30 a 42) | D27: =0.22 -> 0.22 | E27: kW | F27: secador cabelo | H27: =1.2 -> 1.2 | I27: kW
B28: TV plasma (ate 30) | D28: =0.15 -> 0.15 | E28: kW | F28: alisador cabelo | H28: =1.2 -> 1.2 | I28: kW
F29: telemovel | H29: =0.047 -> 0.047 | I29: kW
B31: Eficiência
B33: A eficiência da maioria desses aparelhos é dependente do design. Normalmente:
B35: Equipamentos resistivos (ferro de engomar, aquecedores, lareira elétrica) têm eficiência próxima a 100%.
B36: Equipamentos com motores ou compressores, como frigoríficos e máquinas de lavar, têm eficiência média entre 70–90%, dependendo da classe energética.
B38: Notas Importantes:
C39: 1. Aparelhos de alta potência simultâneos:
D40: O uso de equipamentos como carros elétricos (rápido ou lento), bomba de calor e lareira elétrica simultaneamente pode sobrecarregar a instalação, especialmente em potências contratadas baixas.
C41: 2. Planejamento por prioridades:
D42: É recomendado planejar o uso, ligando aparelhos com maior consumo em horários diferentes (ex.: carregar carro à noite, usar máquinas de lavar durante o dia).
D43: Com 10,35 kVA (o limite da corrente é 45A):
E44: Permite operar 3 ou 4 aparelhos de média potência simultaneamente (ex.: forno + máquina de lavar roupa + ar condicionado).
E45: Pode operar 1 aparelho de alta potência (ex.: carro elétrico lento, com 16,1 A) junto com 2 de média potência.
D46: Com 20,7 kVA (90 A) (instalações robustas)
E47: Quase todos os equipamentos podem operar simultaneamente, exceto combinações extremas, como 2 carros elétricos.

Sheet Contador
B2: Us= | C2: =230 -> 230 | D2: V | F2: UC= | G2: 400 | H2: V
B3: ρ= | C3: 0.0172 | D3: Ω⋅mm2/m (resistividade do cobre)
B5: fator correção | C5: =0.89*1 -> 0.89 | D5: Ambiente externo: Máxima entre 35°C. Usar cabos com isolamento resistente ao calor (EPR ou XLPE). | L5: Fator de correcção quadro 52-D2, 52-E3
B6: fator correção | C6: =1.06*1*1 -> 1.06 | D6: Numeros de conduta 1 (vertical e horizontal) | L6: Fator de correcção quadro 52-D1, 52-E1 e 52-E3
B8: Calculo secção: | I8: Testes de correntes:
C9: 1º Calculo de Potencia absorvida: | J9: 1ª Condição
D10: S= | E10: S.Inst*coef.simu | K10: Ib | L10: =M29 -> 30 | N10: Ib | O10: ≤ | P10: In | Q10: ≤ | R10: Izm
C11: 2º Calculo da corrente | K11: Iz | L11: 76 | N11: =L10 -> 30 | P11: =L13 -> 80 | R11: =L11*C6 -> 80.56
D12: I = | E12: S.Inst/U | K12: cabo S | L12: 16
C13: 3º Ir a tabela de modos de instalação | K13: In | L13: 80
J14: 2ª Condição
B15: ΔU ≈ | C15: =0.005 -> 0.005 | D15: Quadro Elétrico de Serviço Comum | K15: I2 | L15: ≤ | M15: 1,45*Iz
B16: ΔU ≈ | C16: =0.01 -> 0.01 | D16: Quadro Contador | K16: 116 | M16: =1.45*R11 -> 116.812
B17: ΔU ≈ | C17: =0.01 -> 0.01 | D17: Quadro de Apartamentos
J18: 3º Queda de tensao:
I19: Outros quadros | J19: ΔU= | K19: =(2*0.0225*L$10*(N33/L$12)*(100/230))/100 -> 0.0061752331 | L19: =IF(C19>=K19,"satisfaz","nao satisfaz") -> nao satisfaz
N24: Cabo
N25: L | O25: Designação | V25: Materiais | X25: S | Y25: DU | Z25: Disjuntor | AA25: Fusivel | AB25: Diferencial | AC25: Diametro de tubulação
B26: Metodo usado | D26: Quadro elétrico Geral | E26: Circuito | F26: Local | G26: Tipo Circuito | H26: S. Inst. (kVA) | I26: S(kVA) | J26: coef. simul. | K26: cos φ | L26: U(V) | M26: Ib (A) | N26: (m) | V26: Alma | W26: Isol | X26: (mm2) | Y26: (%) | Z26: (A) | AA26: (A) | AB26: (mA) | AC26: (mm)
B27: Metodo B | C27: 52-C1, 2 condutores | E27: Quadro -1A | F27: Piso -1 | G27: Monofásico | H27: =10.35 -> 10.35 | I27: =H27*J27 -> 7.7625 | J27: =0.75 -> 0.75 | K27: =1 -> 1 | L27: =230 -> 230 | M27: =(H27*10^3)/(L27*K27) -> 45 | N27: 14.424779 | O27: H07V-R | P27: 3 | Q27: G | R27: 16 | V27: Cobre | W27: PVC | X27: 16 | Y27: =2*M27*N27*(((1.25*C$3)/X27)*K27+1*SIN(ACOS(K27)))*(100/L27) -> 0.75847685 | Z27: C50 | AA27: 50A | AB27: 30 | AC27: 40
B28: Metodo B | C28: 52-C1, 2 condutores | E28: Quadro -1B | F28: Piso -1 | G28: Monofásico | H28: =10.35 -> 10.35 | I28: =H28*J28 -> 7.7625 | J28: =0.75 -> 0.75 | K28: =1 -> 1 | L28: =230 -> 230 | M28: =(H28*10^3)/(L28*K28) -> 45 | N28: 19.500418 | O28: H07V-R | P28: 3 | Q28: G | R28: 16 | V28: Cobre | W28: PVC | X28: 16 | Y28: =2*M28*N28*(((1.25*C$3)/X28)*K28+1*SIN(ACOS(K28)))*(100/L28) -> 1.0253616 | Z28: C50 | AA28: 50A | AB28: 30 | AC28: 40
B29: Metodo B | C29: 52-C1, 2 condutores | E29: Quadro -1C | F29: Piso -1 | G29: Monofásico | H29: =6.9 -> 6.9 | I29: =H29*J29 -> 5.175 | J29: =0.75 -> 0.75 | K29: =1 -> 1 | L29: =230 -> 230 | M29: =(H29*10^3)/(L29*K29) -> 30 | N29: 18.709151 | O29: H07V-R | P29: 3 | Q29: G | R29: 10 | V29: Cobre | W29: PVC | X29: 10 | Y29: =2*M29*N29*(((1.25*C$3)/X29)*K29+1*SIN(ACOS(K29)))*(100/L29) -> 1.0493393 | Z29: C32 | AA29: 32A | AB29: 30 | AC29: 32
B30: Metodo B | C30: 52-C1, 2 condutores | E30: Quadro 0A | F30: Piso 0 | G30: Monofásico | H30: =10.35 -> 10.35 | I30: =H30*J30 -> 7.7625 | J30: =0.75 -> 0.75 | K30: =1 -> 1 | L30: =230 -> 230 | M30: =(H30*10^3)/(L30*K30) -> 45 | N30: 6.6656848 | O30: H07V-R | P30: 3 | Q30: G | R30: 16 | V30: Cobre | W30: PVC | X30: 16 | Y30: =2*M30*N30*(((1.25*C$3)/X30)*K30+1*SIN(ACOS(K30)))*(100/L30) -> 0.35049185 | Z30: C50 | AA30: 50A | AB30: 30 | AC30: 40
B31: Metodo B | C31: 52-C1, 2 condutores | E31: Quadro 0B | F31: Piso 0 | G31: Monofásico | H31: =10.35 -> 10.35 | I31: =H31*J31 -> 7.7625 | J31: =0.75 -> 0.75 | K31: =1 -> 1 | L31: =230 -> 230 | M31: =(H31*10^3)/(L31*K31) -> 45 | N31: 8.3778071 | O31: H07V-R | P31: 3 | Q31: G | R31: 16 | V31: Cobre | W31: PVC | X31: 16 | Y31: =2*M31*N31*(((1.25*C$3)/X31)*K31+1*SIN(ACOS(K31)))*(100/L31) -> 0.44051785 | Z31: C50 | AA31: 50A | AB31: 30 | AC31: 40
B32: Metodo B | C32: 52-C1, 2 condutores | E32: Quadro 1A | F32: Piso 1 | G32: Monofásico | H32: =10.35 -> 10.35 | I32: =H32*J32 -> 7.7625 | J32: =0.75 -> 0.75 | K32: =1 -> 1 | L32: =230 -> 230 | M32: =(H32*10^3)/(L32*K32) -> 45 | N32: 13.783503 | O32: H07V-R | P32: 3 | Q32: G | R32: 16 | V32: Cobre | W32: PVC | X32: 16 | Y32: =2*M32*N32*(((1.25*C$3)/X32)*K32+1*SIN(ACOS(K32)))*(100/L32) -> 0.72475754 | Z32: C50 | AA32: 50A | AB32: 30 | AC32: 40
B33: Metodo B | C33: 52-C1, 2 condutores | E33: Quadro 1B | F33: Piso 1 | G33: Monofásico | H33: =10.35 -> 10.35 | I33: =H33*J33 -> 7.7625 | J33: =0.75 -> 0.75 | K33: =1 -> 1 | L33: =230 -> 230 | M33: =(H33*10^3)/(L33*K33) -> 45 | N33: 16.833228 | O33: H07V-R | P33: 3 | Q33: G | R33: 16 | V33: Cobre | W33: PVC | X33: 16 | Y33: =2*M33*N33*(((1.25*C$3)/X33)*K33+1*SIN(ACOS(K33)))*(100/L33) -> 0.88511674 | Z33: C50 | AA33: 50A | AB33: 30 | AC33: 40
B34: Metodo B | C34: 52-C3, 3 condutores | E34: Q. S. Comum | F34: Piso 0 | G34: Trifásico c/ neutro | H34: 20.7 | I34: =H34*J34 -> 20.7 | J34: 1 | K34: =1 -> 1 | L34: =400 -> 400 | M34: =(H34*10^3)/(SQRT(3)*L34*K34) -> 29.877876 | N34: 13.571306 | O34: H07V-U | P34: 5 | Q34: G | R34: 16 | V34: Cobre | W34: PVC | X34: 16 | Y34: =SQRT(3)*M34*N34*(((1.25*C$3)/X34)*K34+1*SIN(ACOS(K34)))*(100/L34) -> 0.23593398 | Z34: C32 a C40 | AA34: 32A a 40A | AB34: 30 | AC34: 40
B36: Metodo D | C36: 52-C30, 3 XLPE | E36: Contador | F36: Piso 0 | G36: Trifásico c/ neutro | H36: - | I36: 69 | J36: - | K36: 1 | L36: =400 -> 400 | M36: =(I36*10^3)/(SQRT(3)*L36*K36) -> 99.592921 | N36: 48.819206 | O36: XV | P36: 4 | Q36: x | R36: 50 | V36: Cobre | W36: XLPE | X36: 50 | Y36: =SQRT(3)*M36*N36*(((1.25*C$3)/X36)*K36+1*SIN(ACOS(K36)))*(100/L36) -> 0.90529116 | Z36: C100 | AA36: 100 A | AB36: 300 | AC36: 75
G38: total: | H38: =SUM(H27:H34) -> 89.7 | I38: =SUM(I27:I34) -> 72.45

Sheet QSC
B2: Us= | C2: =230 -> 230 | D2: V
B3: ρ1= | C3: =0.0172 -> 0.0172 | D3: Ω⋅mm2/m (resistividade do cobre) | G3: ρ= | H3: =0.0225 -> 0.0225 | I3: Ω⋅mm2/m (resistividade do cobre)
B4: ΔU ≈ | C4: =0.03 -> 0.03 | D4: Circuitos de Distribuição Secundária
B6: fator correção | C6: =1.06*1 -> 1.06 | D6: Fator de correcção quadro 52-D1, 52-E1 e 52-E2, 52-E3
B9: Calculo secção: | G9: Testes de correntes:
C10: 1º Calculo de Potencia absorvida: | H10: 1ª Condição
D11: P=S/η | E11: W | H11: Ib | I11: =J23 -> 16.037507 | K11: Ib | L11: ≤ | M11: In | N11: ≤ | O11: Izm
C12: 2º Calculo da corrente | H12: Iz | I12: 20 | K12: =I11 -> 16.037507 | M12: =I14 -> 20 | O12: =I12*C6 -> 21.2
D13: I=P/(U*cosφ) | E13: A | H13: cabo S | I13: 1.5
C14: 3º Ir a tabela de modos de instalação | H14: In | I14: 20
H15: 2ª Condição
I16: I2 | J16: ≤ | K16: 1,45*Iz
I17: 29 | K17: =1.45*O12 -> 30.74
K20: Cabo
K21: L | L21: Designação | S21: Materiais | U21: S | V21: DU | W21: Disjuntor | X21: Fusivel | Y21: Diametro de tubulação
B22: Metodo usado | D22: Circuito | E22: Tipo Circuito | F22: S(kVA) | G22: η | H22: cos φ | I22: U(V) | J22: Ib (A) | K22: (m) | S22: Alma | T22: Isol | U22: (mm2) | V22: (%) | W22: (A) | X22: (A) | Y22: (mm)
B23: Metodo C | C23: 52-C1, 3 XLPe | D23: Elevador | E23: trifasico | F23: 8 | G23: 0.8 | H23: 0.9 | I23: 400 | J23: =((F23*10^3)/G23)/(SQRT(3)*I23*H23) -> 16.037507 | K23: 16.014312 | L23: XV | M23: 5 | N23: x | O23: 2.5 | S23: Cobre | T23: XLPE | U23: 2.5 | V23: =(SQRT(3)*J23*K23*(((1.25*C$3)/U23)*H23+1*SIN(ACOS(H23))))/I23 -> 0.49336304 | W23: C16 | X23: 16A | Y23: 16
D25: Sala Cond.
E26: Iluminação | G26: - | H26: - | I26: 230 | J26: - | K26: - | S26: Cobre | T26: PVC | U26: 1.5 | W26: C10 | X26: 10A | Y26: 16
E27: Tomadas uso geral | G27: - | H27: - | I27: 230 | J27: - | K27: - | S27: Cobre | T27: PVC | U27: 2.5 | W27: C16 | X27: 16A | Y27: 16

Sheet QE-1A
D2: Us= | E2: =230 -> 230 | F2: V
D3: ρ= | E3: 0.0172 | F3: Ω⋅mm2/m (resistividade do cobre)
D4: ΔU ≤ | E4: =0.03 -> 0.03 | F4: para tomadas e iluminacao residenciais interno
D5: fator correção | E5: =1 -> 1 | F5: Fator de correcção quadro 52-E1
D8: Calculo secção: | I8: Testes de correntes:
E9: 1º Calculo de Potencia absorvida: | J9: 1ª Condição
J10: Ib | K10: =J23 -> 8.6956522 | M10: Ib | N10: ≤ | O10: In | P10: ≤ | Q10: Izm
E11: 2º Calculo da corrente | J11: Iz | K11: 17.5 | M11: =K10 -> 8.6956522 | O11: =K13 -> 16 | Q11: =K11*E5 -> 17.5
J12: cabo S | K12: 1.5
E13: 3º Ir a tabela de modos de instalação | J13: In | K13: 16
J14: 2ª Condição
K15: I2 | L15: ≤ | M15: 1,45*Iz
K16: 23 | M16: =1.45*K11 -> 25.375
K20: Cabo
K21: L | L21: Designação | S21: Materiais | U21: S | V21: DU | W21: Disjuntor | X21: Fusivel | Y21: Diametro de tubulação
B22: Metodo usado | D22: Circuito | E22: Localização | F22: Tipo Circuito | G22: S(kVA) | H22: cos φ | I22: U(V) | J22: Ib (A) | K22: (m) | S22: Alma | T22: Isol | U22: (mm2) | V22: (%) | W22: (A) | X22: (A) | Y22: (mm)
B23: Metodo B | C23: 52-C1, 2 condutores | D23: Forno elétrico/Microondas | E23: Piso -1 | F23: Monofásico | G23: =potencia_Apar.!D11 -> 2 | H23: =1 -> 1 | I23: =230 -> 230 | J23: =(G23*10^3)/(I23*H23) -> 8.6956522 | K23: =7.60500709 -> 7.6050071 | L23: H07V-R | M23: 3 | N23: G | O23: 2.5 | S23: Cobre | T23: PVC | U23: 2.5 | V23: =2*J23*K23*(((1.25*E$3)/U23)*H23+1*SIN(ACOS(H23)))*(100/I23) -> 0.4945411 | W23: C16 | X23: 16A | Y23: 16
B24: Metodo B | C24: 52-C1, 2 condutores | D24: =potencia_Apar.!B14 -> maq. Lavar roupa 8kg | E24: Piso -1 | F24: Monofásico | G24: =potencia_Apar.!D14 -> 2 | H24: 1 | I24: =230 -> 230 | J24: =(G24*10^3)/(I24*H24) -> 8.6956522 | K24: =11.5357594 -> 11.535759 | L24: H07V-R | M24: 3 | N24: G | O24: 2.5 | S24: Cobre | T24: PVC | U24: 2.5 | V24: =2*J24*K24*(((1.25*E$3)/U24)*H24+1*SIN(ACOS(H24)))/I24 -> 0.0075015146 | W24: C16 | X24: 16A | Y24: 16
B25: Metodo B | C25: 52-C1, 2 condutores | D25: =potencia_Apar.!B15 -> maq. secar roupa 7kg | E25: Piso -1 | F25: Monofásico | G25: =potencia_Apar.!D15 -> 2 | H25: =1 -> 1 | I25: =230 -> 230 | J25: =(G25*10^3)/(I25*H25) -> 8.6956522 | K25: =12.8463532 -> 12.846353 | L25: H07V-R | M25: 3 | N25: G | O25: 2.5 | S25: Cobre | T25: PVC | U25: 2.5 | V25: =2*J25*K25*(((1.25*E$3)/U25)*H25+1*SIN(ACOS(H25)))*(100/I25) -> 0.83537722 | W25: C16 | X25: 16A | Y25: 16
B26: Metodo B | C26: 52-C1, 2 condutores | D26: =potencia_Apar.!B17 -> maq. Lavar loiça | E26: Piso -1 | F26: Monofásico | G26: =potencia_Apar.!D17 -> 2 | H26: =1 -> 1 | I26: =230 -> 230 | J26: =(G26*10^3)/(I26*H26) -> 8.6956522 | K26: =6.47058005 -> 6.47058 | L26: H07V-R | M26: 3 | N26: G | O26: 2.5 | S26: Cobre | T26: PVC | U26: 2.5 | V26: =2*J26*K26*(((1.25*E$3)/U26)*H26+1*SIN(ACOS(H26)))*(100/I26) -> 0.42077118 | W26: C16 | X26: 16A | Y26: 16
B27: Metodo B | C27: 52-C1, 2 condutores | D27: esquentador | E27: Piso -1 | F27: Monofásico | G27: =potencia_Apar.!H10 -> 3 | H27: =1 -> 1 | I27: =230 -> 230 | J27: =(G27*10^3)/(I27*H27) -> 13.043478 | K27: =2.98358241 -> 2.9835824 | L27: H07V-R | M27: 3 | N27: G | O27: 2.5 | S27: Cobre | T27: PVC | U27: 2.5 | V27: =2*J27*K27*(((1.25*E$3)/U27)*H27+1*SIN(ACOS(H27)))*(100/I27) -> 0.29102619 | W27: C16 | X27: 16A | Y27: 16
B28: Metodo B | C28: 52-C1, 2 condutores | D28: =potencia_Apar.!F21 -> Carro eletrico(lento) | E28: Piso -1 | F28: Monofásico | G28: 3.68 | H28: =1 -> 1 | I28: =230 -> 230 | J28: =(G28*10^3)/(I28*H28) -> 16 | K28: 19.836796 | L28: H07V-R | M28: 3 | N28: G | O28: 2.5 | S28: Cobre | T28: XLPE | U28: 2.5 | V28: =2*J28*K28*(((1.25*E$3)/U28)*H28+1*SIN(ACOS(H28)))*(100/I28) -> 2.3735158 | W28: C16 | X28: 16A | Y28: 16
B29: Metodo B | C29: 52-C1, 2 condutores | D29: secador toalhas | E29: Piso -1 | F29: Monofásico | G29: =potencia_Apar.!H25 -> 2.4 | H29: =1 -> 1 | I29: =230 -> 230 | J29: =(G29*10^3)/(I29*H29) -> 10.434783 | K29: =2.71431694 -> 2.7143169 | L29: H07V-R | M29: 3 | N29: G | O29: 2.5 | S29: Cobre | T29: PVC | U29: 2.5 | V29: =2*J29*K29*(((1.25*E$3)/U29)*H29+1*SIN(ACOS(H29)))*(100/I29) -> 0.21180908 | W29: C16 | X29: 16A | Y29: 16
B30: Metodo B | C30: 52-C1, 2 condutores | D30: secador/alisador de cabelo | E30: Piso -1 | F30: Monofásico | G30: =potencia_Apar.!H27 -> 1.2 | H30: =1 -> 1 | I30: =230 -> 230 | J30: =(G30*10^3)/(I30*H30) -> 5.2173913 | K30: =12.1354031 -> 12.135403 | L30: H07V-R | M30: 3 | N30: G | O30: 1.5 | S30: Cobre | T30: PVC | U30: 1.5 | V30: =2*J30*K30*(((1.25*E$3)/U30)*H30+1*SIN(ACOS(H30)))*(100/I30) -> 0.78914531 | W30: C10 | X30: 10A | Y30: 16
C33: Circuito Tomadas gerais
D34: Tomadas Quarto | E34: Piso -1 | F34: Monofásico | G34: 1.5 | H34: 1 | I34: 230 | J34: =(G34*10^3)/(I34*H34) -> 6.5217391 | K34: 14.640269 | L34: H07V-R | M34: 3 | N34: G | O34: 2.5 | S34: Cobre | T34: PVC | U34: 2.5 | W34: C16 | X34: 16A | Y34: 16
D35: Tomadas Suite | E35: Piso -1 | F35: Monofásico | G35: 1.5 | H35: 1 | I35: 230 | J35: =(G35*10^3)/(I35*H35) -> 6.5217391 | K35: 17.083947 | L35: H07V-R | M35: 3 | N35: G | O35: 2.5 | S35: Cobre | T35: PVC | U35: 2.5 | W35: C16 | X35: 16A | Y35: 16
D36: Tomadas Sala | E36: Piso -1 | F36: Monofásico | G36: 1.5 | H36: 1 | I36: 230 | J36: =(G36*10^3)/(I36*H36) -> 6.5217391 | K36: 13.765429 | L36: H07V-R | M36: 3 | N36: G | O36: 2.5 | S36: Cobre | T36: PVC | U36: 2.5 | W36: C16 | X36: 16A | Y36: 16
C38: Circuito IIuminação
D39: Iluminação Quarto | E39: Piso -1 | F39: Monofásico | G39: 0.1 | H39: 1 | I39: 230 | J39: =(G39*10^3)/(I39*H39) -> 0.43478261 | K39: 8.0270038 | L39: H07V-R | M39: 3 | N39: G | O39: 1.5 | S39: Cobre | T39: PVC | U39: 1.5 | W39: B10 | X39: 10A | Y39: 16
D40: Iluminação Suite | E40: Piso -1 | F40: Monofásico | G40: 0.1 | H40: 1 | I40: 230 | J40: =(G40*10^3)/(I40*H40) -> 0.43478261 | K40: 8.735537 | L40: H07V-R | M40: 3 | N40: G | O40: 1.5 | S40: Cobre | T40: PVC | U40: 1.5 | W40: B11 | X40: 10A | Y40: 16
D41: Iluminação Sala/Cozinha | E41: Piso -1 | F41: Monofásico | G41: 0.1 | H41: 1 | I41: 230 | J41: =(G41*10^3)/(I41*H41) -> 0.43478261 | K41: 7.2559671 | L41: H07V-R | M41: 3 | N41: G | O41: 1.5 | S41: Cobre | T41: PVC | U41: 1.5 | W41: B12 | X41: 10A | Y41: 16
